mean_fit_time,std_fit_time,mean_score_time,std_score_time,param_n_neighbors,param_weights,params,split0_test_score,split1_test_score,split2_test_score,split3_test_score,split4_test_score,mean_test_score,std_test_score,rank_test_score
0.0005436897277832031,0.00020802365193621394,0.0012920856475830077,0.0003728492954687701,3,uniform,"{'n_neighbors': 3, 'weights': 'uniform'}",0.9583333333333334,0.9166666666666666,0.9583333333333334,0.875,0.9583333333333334,0.9333333333333333,0.033333333333333354,7
0.00043025016784667967,9.401042598986733e-05,0.000782632827758789,0.00013247258871758983,3,distance,"{'n_neighbors': 3, 'weights': 'distance'}",0.9583333333333334,0.9166666666666666,0.9583333333333334,0.875,0.9583333333333334,0.9333333333333333,0.033333333333333354,7
0.0003753185272216797,2.289185891842414e-05,0.0010429859161376954,0.00010515795701418343,5,uniform,"{'n_neighbors': 5, 'weights': 'uniform'}",1.0,0.9166666666666666,1.0,0.9166666666666666,0.9583333333333334,0.9583333333333333,0.03726779962499651,1
0.00035967826843261717,1.4165033485016354e-05,0.0006284236907958985,3.752147942920724e-05,5,distance,"{'n_neighbors': 5, 'weights': 'distance'}",1.0,0.9166666666666666,1.0,0.9166666666666666,0.9583333333333334,0.9583333333333333,0.03726779962499651,1
0.00036640167236328124,1.1548322631208106e-05,0.0010462284088134765,0.00013642205261598617,7,uniform,"{'n_neighbors': 7, 'weights': 'uniform'}",1.0,0.9166666666666666,1.0,0.9166666666666666,0.9583333333333334,0.9583333333333333,0.03726779962499651,1
0.0003469944000244141,1.573100166567266e-05,0.0006207942962646485,2.9257525030120943e-05,7,distance,"{'n_neighbors': 7, 'weights': 'distance'}",1.0,0.9166666666666666,1.0,0.9166666666666666,0.9583333333333334,0.9583333333333333,0.03726779962499651,1
0.0003543853759765625,2.6360082552118788e-06,0.00096893310546875,4.1203531674262835e-05,9,uniform,"{'n_neighbors': 9, 'weights': 'uniform'}",0.9583333333333334,0.9166666666666666,1.0,0.9166666666666666,0.9583333333333334,0.95,0.0311804782231162,5
0.0003561973571777344,2.1322673411565606e-05,0.0006377220153808594,2.3833464098600943e-05,9,distance,"{'n_neighbors': 9, 'weights': 'distance'}",0.9583333333333334,0.9166666666666666,1.0,0.9166666666666666,0.9583333333333334,0.95,0.0311804782231162,5
